INSERT INTO `category` (`id`, `name`) VALUES
(3, 'Architecture'),
(1, 'Food'),
(2, 'Nature');

INSERT INTO `comment` (`id`, `author`, `content`, `photo_id`) VALUES
(1, 'Albert', 'Nunc sodales eget eros ac ultrices. Maecenas ligula est, viverra vitae fermentum eget, placerat id ipsum. Nullam a rhoncus sem. Nunc ante nisi, malesuada venenatis ipsum sit amet, sodales imperdiet ex. Ut ut enim turpis. Morbi nisi metus, sodales quis eros et, finibus aliquam lorem. Nunc maximus sit amet lectus imperdiet lobortis. Sed non felis accumsan, viverra sem eu, fringilla neque vestibulum.', 1),
(2, 'Thomas', 'Nulla at metus faucibus, suscipit leo auctor, lacinia massa. Suspendisse non eros est. Quisque eu purus urna. Proin dictum elit id interdum sodales. Cras volutpat elit sem, a dignissim quam finibus non. Nam vitae tincidunt nulla. Morbi fringilla tincidunt nisi, at suscipit leo elementum id. Donec nec leo sollicitudin, consectetur ante ac, hendrerit orci. Aliquam rhoncus eget libero quis cras amet.', 1),
(3, 'Karl', 'Morbi id nisl in nulla scelerisque laoreet in sit amet sem. Nunc ante libero, maximus finibus magna at, vulputate tempus risus. Morbi quis elit non ante molestie pulvinar. Fusce dapibus magna mauris, nec rutrum nunc scelerisque nec. Donec nec aliquam lectus, nec feugiat nulla. Quisque sit amet magna justo. Nunc non lectus neque. Nullam egestas diam at varius dictum. Maecenas vulputate sodales sed.', 1),
(4, 'Hans', 'Proin molestie tortor dui, accumsan posuere mauris hendrerit a. Duis malesuada massa ut dolor tempor volutpat. Nam finibus auctor arcu. Donec at metus viverra, lobortis nunc at, condimentum magna. Proin tincidunt facilisis rhoncus. Vestibulum ante ipsum primis in faucibus orci luctus et ultrices posuere cubilia curae; Fusce eleifend erat sit amet ex dignissim tristique. Fusce ipsum ipsum accumsan.', 2),
(5, 'Lydia', 'Etiam malesuada orci nec magna elementum efficitur. Phasellus suscipit arcu at magna scelerisque, et molestie eros mattis. Donec in augue risus. Integer efficitur mi vel dui tincidunt malesuada. Nulla ante eros, blandit vel eros id, euismod congue neque. Morbi sed arcu ut dolor viverra malesuada sed quis velit. Praesent vulputate velit ut felis fringilla, vel porta eros porttitor. Pellentesque id.', 2),
(6, 'Anna', 'Etiam porttitor nulla non leo vehicula, non tristique sem varius. Pellentesque luctus lectus enim. Interdum et malesuada fames ac ante ipsum primis in faucibus. Phasellus consequat libero porttitor congue interdum. Nunc nulla nunc, porttitor quis tempus ac, facilisis sed nibh. Suspendisse efficitur quis arcu eget sodales. Aliquam erat volutpat. Aenean varius hendrerit justo vel laoreet. Duis orci.', 2),
(7, 'Serena', 'Fusce fermentum pellentesque neque, sit amet efficitur nunc. Praesent non tempor diam, id pretium magna. Quisque accumsan leo non diam luctus, ut auctor arcu ultrices. Vestibulum ante ipsum primis in faucibus orci luctus et ultrices posuere cubilia curae; Curabitur aliquet lorem nec arcu bibendum, nec molestie mi mollis. Ut diam massa, semper nec sapien a, tristique euismod nisl. Duis tempor biam.', 3),
(8, 'Katie', 'Donec nulla erat, rutrum ac ex ut, dictum mollis mi. Sed eu ultricies nibh. Proin dui tortor, commodo nec risus in, auctor hendrerit nisi. Quisque lacinia venenatis urna, non tempor metus luctus vel. Aliquam ut posuere metus. Aenean eu ipsum nisl. Morbi pellentesque mollis justo eget suscipit. Maecenas aliquet neque eu velit mattis rutrum. Nulla porttitor eros at rhoncus iaculis. Etiam porta biam.', 3),
(9, 'Suzanne', 'Fusce fermentum libero nunc, vitae rhoncus tellus blandit id. Nunc aliquet, risus a vestibulum porttitor, ipsum enim lacinia quam, sed tincidunt mi augue ac turpis. Curabitur iaculis urna quis justo posuere, semper sollicitudin nibh condimentum. Phasellus in purus eget quam ullamcorper pulvinar. Morbi condimentum justo non lorem facilisis, sit amet aliquam quam aliquet. Pellentesque varius turpis.', 3);

INSERT INTO `photo` (`id`, `description`, `tag`, `title`, `url`, `visible`) VALUES
(1, 'Ut malesuada enim elit, vel venenatis nulla tincidunt sit amet. Ut lacus ipsum, rutrum sed nisi auctor, feugiat maximus quam. Etiam vel hendrerit dui. Cras ultricies molestie est et convallis. Aliquam non mauris vitae dolor elementum vulputate. Integer ornare accumsan est. In porta commodo eleifend.', 'Fruits, Vegetables, Salad', 'Britannica Salad', 'https://cdn.britannica.com/36/123536-050-95CB0C6E/Variety-fruits-vegetables.jpg', b'1'),
(2, 'Pellentesque quis ipsum ac magna feugiat sodales quis at metus. Pellentesque aliquet enim sed urna vulputate pharetra. Morbi aliquet est id odio mattis vestibulum. Mauris pharetra finibus mollis. Integer quam ipsum, placerat non interdum in, vestibulum quis dui. Donec finibus mollis accumsan libero.', 'Junk Food', 'Junk Food', 'https://www.projectinvictus.it/wp-content/uploads/2022/08/junk-food-scaled.jpg', b'1'),
(3, 'Aenean arcu odio, sollicitudin convallis ex id, molestie sodales enim. Nullam at consequat lacus, id condimentum nisl. Nulla massa lacus, finibus eget ultricies in, congue vel arcu. Morbi velit felis, bibendum ac vulputate et, tempor et est. Nunc quis diam purus. Sed eu lacinia est. Donec tincidunt.', 'Street Food, Italy', 'Abbruzzo\'s arrosticini', 'https://citynews-romatoday.stgy.ovh/~media/original-hi/64044106477100/international-street-food.jpg', b'1'),
(4, 'Interdum et malesuada fames ac ante ipsum primis in faucibus. Suspendisse a augue sit amet ipsum pellentesque vestibulum sit amet sed nisi. Nullam lectus lectus, efficitur congue mi vitae, imperdiet tempus dui. Maecenas pellentesque enim eu faucibus ultrices. Suspendisse vitae diam pulvinar aliquam.', 'Stream, Usa', 'Stream In Washington', 'https://th-thumbnailer.cdn-si-edu.com/8ciAzzKoUyvv-4kt1rLa3mLgwU0=/fit-in/1600x0/https://tf-cmsv2-smithsonianmag-media.s3.amazonaws.com/filer/04/8e/048ed839-a581-48af-a0ae-fac6fec00948/gettyimages-168346757_web.jpg', b'1'),
(5, 'Integer sodales libero sapien. Aenean sagittis arcu quis purus dapibus, et euismod sapien volutpat. Sed ac sem et tellus tempus auctor a vitae dui. Pellentesque a odio non turpis rutrum vestibulum. Curabitur interdum elementum nulla, nec lobortis mauris auctor in. Donec vestibulum quis nisl sit dui.', 'Forest, Usa', 'Forest Biome', 'https://cdn.corporate.walmart.com/dims4/WMT/f7a8313/2147483647/strip/true/crop/1920x1080+0+0/resize/1200x675!/quality/90/?url=https%3A%2F%2Fcdn.corporate.walmart.com%2F7b%2F66%2F142c151b4cd3a19c13e1ca65f193%2Fbusinessfornature-banner.png', b'1'),
(6, 'Pellentesque at lorem aliquam purus ornare aliquam a nec lacus. In at iaculis lectus. Phasellus felis odio, hendrerit nec purus eget, pretium eleifend urna. Maecenas porttitor lorem eget nisl maximus pretium. Donec ut mattis urna. Aenean gravida justo ut euismod egestas. Duis sodales sed sapien sed.', 'Lake, Canada', 'Horseshoe Lake', 'https://images.unsplash.com/photo-1610878180933-123728745d22?ixlib=rb-4.0.3&ixid=MnwxMjA3fDB8MHxzZWFyY2h8Mnx8Y2FuYWRhJTIwbmF0dXJlfGVufDB8fDB8fA%3D%3D&w=1000&q=80', b'1'),
(7, 'Praesent velit nulla, ultrices id molestie ut, scelerisque id ante. Vivamus ante enim, consectetur in efficitur sed, pellentesque non tellus. Phasellus nulla elit, consequat ut fringilla vitae, porttitor vel libero. Quisque id pellentesque erat, viverra egestas dui. Aliquam erat volutpat. In lectus.', 'Interior, Hotel, Dubai', 'Dubai Hotel', 'https://images.adsttc.com/media/images/632c/1ed8/5c11/c22d/15aa/f20e/newsletter/what-is-good-interior-design_7.jpg?1663835870', b'1'),
(8, 'Vivamus pellentesque ornare felis, congue semper elit cursus sed. Nunc sed vestibulum turpis. Lorem ipsum dolor sit amet, consectetur adipiscing elit. Phasellus malesuada posuere ultricies. In ut tortor eu tortor venenatis maximus. Pellentesque facilisis metus vitae justo dapibus, a sodales egestas.', 'Interior, House', 'Casa Blanka', 'https://i.pinimg.com/550x/72/a3/3d/72a33d2bf5102a75013c4645bf866346.jpg', b'1'),
(9, 'Vestibulum auctor leo velit, eu viverra magna rhoncus nec. Etiam fringilla velit id luctus consequat. Aliquam sed ante rhoncus, pulvinar lectus id, molestie nunc. Cras ut mauris et velit dictum aliquam. Sed sollicitudin nibh odio, nec vestibulum libero malesuada et. Donec eget justo sed tortor duis.', 'Exterior, House, Dubai', 'Hoshuo House', 'https://s-media-cache-ak0.pinimg.com/originals/f4/ce/87/f4ce879682c7f161c12465cbd06dd02f.jpg', b'1');

INSERT INTO `photo_categories` (`photos_id`, `categories_id`) VALUES
(1, 1),
(2, 1),
(3, 1),
(4, 2),
(5, 2),
(6, 2),
(7, 3),
(8, 3),
(9, 3);